image_name,image_index,prompt_id,seed,prompt
img_001.png,1,0,42,"A cute golden retriever dog playing in the snow, high quality"
img_002.png,2,1,43,A red double-decker bus driving through rainy London streets at night
img_003.png,3,2,44,A rustic kitchen table with fresh vegetables and warm morning sunlight
img_004.png,4,3,45,"A skateboarder jumping over stairs in an urban plaza, motion blur"
img_005.png,5,4,46,A macro photo of a sunflower covered with morning dew
img_006.png,6,5,47,A snowy mountain landscape with a frozen lake and pine trees
img_007.png,7,6,48,A portrait of an astronaut reading a book in a cozy cafe
img_008.png,8,7,49,"A bowl of ramen on a wooden table, shallow depth of field"
img_009.png,9,8,50,A futuristic city skyline at sunset with flying cars
img_010.png,10,9,51,A watercolor painting of a lighthouse on a stormy coast
img_011.png,11,10,52,A child flying a colorful kite in a large grassy field
img_012.png,12,11,53,An old bookstore interior filled with warm lights and dust particles
img_013.png,13,12,54,A close-up of a tabby cat looking out of a train window
img_014.png,14,13,55,A blue bicycle parked beside a yellow wall with flowers
img_015.png,15,14,56,A cinematic shot of a forest trail in dense fog
img_016.png,16,15,57,A glass bottle floating in the ocean at golden hour
img_017.png,17,16,58,A robot chef cooking pancakes in a modern kitchen
img_018.png,18,17,59,A dragon made of clouds above a medieval castle
img_019.png,19,18,60,A minimal Scandinavian living room with natural light
img_020.png,20,19,61,An aerial view of winding desert roads and rock formations
img_021.png,21,0,62,"A cute golden retriever dog playing in the snow, high quality"
img_022.png,22,1,63,A red double-decker bus driving through rainy London streets at night
img_023.png,23,2,64,A rustic kitchen table with fresh vegetables and warm morning sunlight
img_024.png,24,3,65,"A skateboarder jumping over stairs in an urban plaza, motion blur"
img_025.png,25,4,66,A macro photo of a sunflower covered with morning dew
img_026.png,26,5,67,A snowy mountain landscape with a frozen lake and pine trees
img_027.png,27,6,68,A portrait of an astronaut reading a book in a cozy cafe
img_028.png,28,7,69,"A bowl of ramen on a wooden table, shallow depth of field"
img_029.png,29,8,70,A futuristic city skyline at sunset with flying cars
img_030.png,30,9,71,A watercolor painting of a lighthouse on a stormy coast
img_031.png,31,10,72,A child flying a colorful kite in a large grassy field
img_032.png,32,11,73,An old bookstore interior filled with warm lights and dust particles
img_033.png,33,12,74,A close-up of a tabby cat looking out of a train window
img_034.png,34,13,75,A blue bicycle parked beside a yellow wall with flowers
img_035.png,35,14,76,A cinematic shot of a forest trail in dense fog
img_036.png,36,15,77,A glass bottle floating in the ocean at golden hour
img_037.png,37,16,78,A robot chef cooking pancakes in a modern kitchen
img_038.png,38,17,79,A dragon made of clouds above a medieval castle
img_039.png,39,18,80,A minimal Scandinavian living room with natural light
img_040.png,40,19,81,An aerial view of winding desert roads and rock formations
img_041.png,41,0,82,"A cute golden retriever dog playing in the snow, high quality"
img_042.png,42,1,83,A red double-decker bus driving through rainy London streets at night
img_043.png,43,2,84,A rustic kitchen table with fresh vegetables and warm morning sunlight
img_044.png,44,3,85,"A skateboarder jumping over stairs in an urban plaza, motion blur"
img_045.png,45,4,86,A macro photo of a sunflower covered with morning dew
img_046.png,46,5,87,A snowy mountain landscape with a frozen lake and pine trees
img_047.png,47,6,88,A portrait of an astronaut reading a book in a cozy cafe
img_048.png,48,7,89,"A bowl of ramen on a wooden table, shallow depth of field"
img_049.png,49,8,90,A futuristic city skyline at sunset with flying cars
img_050.png,50,9,91,A watercolor painting of a lighthouse on a stormy coast
img_051.png,51,10,92,A child flying a colorful kite in a large grassy field
img_052.png,52,11,93,An old bookstore interior filled with warm lights and dust particles
img_053.png,53,12,94,A close-up of a tabby cat looking out of a train window
img_054.png,54,13,95,A blue bicycle parked beside a yellow wall with flowers
img_055.png,55,14,96,A cinematic shot of a forest trail in dense fog
img_056.png,56,15,97,A glass bottle floating in the ocean at golden hour
img_057.png,57,16,98,A robot chef cooking pancakes in a modern kitchen
img_058.png,58,17,99,A dragon made of clouds above a medieval castle
img_059.png,59,18,100,A minimal Scandinavian living room with natural light
img_060.png,60,19,101,An aerial view of winding desert roads and rock formations
img_061.png,61,0,102,"A cute golden retriever dog playing in the snow, high quality"
img_062.png,62,1,103,A red double-decker bus driving through rainy London streets at night
img_063.png,63,2,104,A rustic kitchen table with fresh vegetables and warm morning sunlight
img_064.png,64,3,105,"A skateboarder jumping over stairs in an urban plaza, motion blur"
img_065.png,65,4,106,A macro photo of a sunflower covered with morning dew
img_066.png,66,5,107,A snowy mountain landscape with a frozen lake and pine trees
img_067.png,67,6,108,A portrait of an astronaut reading a book in a cozy cafe
img_068.png,68,7,109,"A bowl of ramen on a wooden table, shallow depth of field"
img_069.png,69,8,110,A futuristic city skyline at sunset with flying cars
img_070.png,70,9,111,A watercolor painting of a lighthouse on a stormy coast
img_071.png,71,10,112,A child flying a colorful kite in a large grassy field
img_072.png,72,11,113,An old bookstore interior filled with warm lights and dust particles
img_073.png,73,12,114,A close-up of a tabby cat looking out of a train window
img_074.png,74,13,115,A blue bicycle parked beside a yellow wall with flowers
img_075.png,75,14,116,A cinematic shot of a forest trail in dense fog
img_076.png,76,15,117,A glass bottle floating in the ocean at golden hour
img_077.png,77,16,118,A robot chef cooking pancakes in a modern kitchen
img_078.png,78,17,119,A dragon made of clouds above a medieval castle
img_079.png,79,18,120,A minimal Scandinavian living room with natural light
img_080.png,80,19,121,An aerial view of winding desert roads and rock formations
img_081.png,81,0,122,"A cute golden retriever dog playing in the snow, high quality"
img_082.png,82,1,123,A red double-decker bus driving through rainy London streets at night
img_083.png,83,2,124,A rustic kitchen table with fresh vegetables and warm morning sunlight
img_084.png,84,3,125,"A skateboarder jumping over stairs in an urban plaza, motion blur"
img_085.png,85,4,126,A macro photo of a sunflower covered with morning dew
img_086.png,86,5,127,A snowy mountain landscape with a frozen lake and pine trees
img_087.png,87,6,128,A portrait of an astronaut reading a book in a cozy cafe
img_088.png,88,7,129,"A bowl of ramen on a wooden table, shallow depth of field"
img_089.png,89,8,130,A futuristic city skyline at sunset with flying cars
img_090.png,90,9,131,A watercolor painting of a lighthouse on a stormy coast
img_091.png,91,10,132,A child flying a colorful kite in a large grassy field
img_092.png,92,11,133,An old bookstore interior filled with warm lights and dust particles
img_093.png,93,12,134,A close-up of a tabby cat looking out of a train window
img_094.png,94,13,135,A blue bicycle parked beside a yellow wall with flowers
img_095.png,95,14,136,A cinematic shot of a forest trail in dense fog
img_096.png,96,15,137,A glass bottle floating in the ocean at golden hour
img_097.png,97,16,138,A robot chef cooking pancakes in a modern kitchen
img_098.png,98,17,139,A dragon made of clouds above a medieval castle
img_099.png,99,18,140,A minimal Scandinavian living room with natural light
img_100.png,100,19,141,An aerial view of winding desert roads and rock formations
